{
  "norm_stats": {
    "state": {
      "mean": [
        0.08731702715158463,
        -0.11677578836679459,
        0.9761924743652344,
        -0.0413193553686142,
        0.3232397139072418,
        -0.8552199602127075,
        -0.9959415197372437,
        -0.012078803032636642,
        0.04327765852212906,
        0.5140413045883179
      ],
      "std": [
        0.11051314324140549,
        0.08394181728363037,
        0.05200023204088211,
        0.06761574000120163,
        0.27807754278182983,
        0.2837405800819397,
        0.007937386631965637,
        0.027379296720027924,
        0.07258836925029755,
        0.48005399107933044
      ],
      "q01": [
        -0.0031660012543201447,
        -0.31280025839805603,
        0.9108697772026062,
        -0.21684539970755579,
        -0.02485996287316084,
        -0.9985897050098923,
        -0.9999995827674866,
        -0.10607552191056312,
        -0.12090774381160736,
        0.0
      ],
      "q99": [
        0.30637293975003993,
        0.060493866382539285,
        1.0853922622203827,
        0.12092628900408742,
        0.9997333712503313,
        -0.0001590461382118269,
        -0.9675689157962799,
        0.00904474536795169,
        0.23681512320637704,
        0.9998
      ]
    },
    "actions": {
      "mean": [
        0.08620339632034302,
        -0.11429750174283981,
        0.9762545228004456,
        -0.04181966558098793,
        0.31559106707572937,
        -0.863834023475647,
        -0.9958876371383667,
        -0.011965952813625336,
        0.04388364031910896,
        0.5052694082260132
      ],
      "std": [
        0.10901934653520584,
        0.08244210481643677,
        0.05195952579379082,
        0.06805837154388428,
        0.2713887095451355,
        0.2723240554332733,
        0.007956137880682945,
        0.027423065155744553,
        0.07296208292245865,
        0.4802303910255432
      ],
      "q01": [
        -0.0031660012543201447,
        -0.31280025839805603,
        0.9108697772026062,
        -0.21684539970755579,
        -0.025727159939706326,
        -0.9987897111514933,
        -0.9999995827674866,
        -0.10607552191056312,
        -0.12115103753209114,
        0.0
      ],
      "q99": [
        0.30637293975003993,
        0.0619613996684551,
        1.0853922622203827,
        0.12131134564876556,
        0.9997333712503313,
        -0.0011590768462163004,
        -0.9675689157962799,
        0.009318663373589511,
        0.23681512320637704,
        0.9998
      ]
    }
  }
}