{
  "norm_stats": {
    "state": {
      "mean": [
        0.0865650400519371,
        -0.11744424700737,
        0.9766218662261963,
        -0.04621507227420807,
        0.3294837176799774,
        -0.8531240820884705,
        -0.995739758014679,
        -0.011881154961884022,
        0.04835835099220276,
        0.5162307620048523
      ],
      "std": [
        0.11002600193023682,
        0.08362958580255508,
        0.05252939462661743,
        0.06715506315231323,
        0.27640339732170105,
        0.28385797142982483,
        0.007974845357239246,
        0.02710675820708275,
        0.07227915525436401,
        0.48009759187698364
      ],
      "q01": [
        -0.003223127930238843,
        -0.3128002882003784,
        0.9108675718307495,
        -0.21530099260807037,
        -0.034479288861155505,
        -0.9984688160235834,
        -0.9999998807907104,
        -0.10358748155236244,
        -0.10360071623325348,
        0.0
      ],
      "q99": [
        0.3063729779708199,
        0.053177820700407,
        1.0856991774559022,
        0.10351840686798097,
        0.9997388036474586,
        -0.0005579631032175403,
        -0.9682753797769547,
        0.009614358638226975,
        0.23531351371407505,
        0.9998
      ]
    },
    "actions": {
      "mean": [
        -0.00935512874275446,
        0.02055586315691471,
        -0.0013743949821218848,
        -0.04896361008286476,
        0.26744505763053894,
        -0.9191349744796753,
        -0.9955728054046631,
        -0.008614787831902504,
        0.05133650824427605,
        0.4420856237411499
      ],
      "std": [
        0.0668005421757698,
        0.03921933099627495,
        0.04470313340425491,
        0.06940221786499023,
        0.2086796760559082,
        0.18139106035232544,
        0.00818872544914484,
        0.024647889658808708,
        0.07383394986391068,
        0.4768672585487366
      ],
      "q01": [
        -0.21941937816143037,
        -0.012739825987815857,
        -0.10541944563388825,
        -0.21551911306381225,
        -0.04314533051103353,
        -0.9992687445629985,
        -0.9999998807907104,
        -0.10292120148316025,
        -0.10764904938340188,
        0.0
      ],
      "q99": [
        0.18558146691322325,
        0.16694648509919643,
        0.13247263818979266,
        0.10708104097843169,
        0.9961455668658019,
        -0.0701517460323332,
        -0.9683228512406349,
        0.010264461851865053,
        0.23523713006973263,
        0.9998
      ]
    }
  }
}