{
  "norm_stats": {
    "state": {
      "mean": [
        0.07503480464220047,
        -0.09700261056423187,
        0.9655803442001343,
        -0.029670342803001404,
        0.27791181206703186,
        -0.8807162642478943,
        -0.9958382248878479,
        -0.010974821634590626,
        0.03160099312663078,
        0.468976765871048
      ],
      "std": [
        0.11567177623510361,
        0.06435763090848923,
        0.05263594910502434,
        0.07400447130203247,
        0.2676086723804474,
        0.26293039321899414,
        0.011529022827744484,
        0.028547290712594986,
        0.07898939400911331,
        0.4685400426387787
      ],
      "q01": [
        -0.003948774650320411,
        -0.25230011343955994,
        0.9108395576477051,
        -0.27966100444197656,
        -0.10516026293933392,
        -0.9999858736991882,
        -1.0,
        -0.12383607818558813,
        -0.09820838133692741,
        0.0
      ],
      "q99": [
        0.3504336723085493,
        0.06815369554609063,
        1.092576001048088,
        0.09976281402707099,
        0.9997652092069387,
        -0.0001169495127906206,
        -0.9471673172950744,
        0.013010807387530798,
        0.3023747727334499,
        0.9998
      ]
    },
    "actions": {
      "mean": [
        -0.015494105406105518,
        0.02310115098953247,
        -0.006217782851308584,
        -0.01873861625790596,
        0.18244946002960205,
        -0.9591851234436035,
        -0.9973400235176086,
        -0.005158175714313984,
        0.019519194960594177,
        0.3552795946598053
      ],
      "std": [
        0.10254638642072678,
        0.0434143990278244,
        0.05511752516031265,
        0.06342990696430206,
        0.16749347746372223,
        0.11936129629611969,
        0.008530959486961365,
        0.020084382966160774,
        0.0665542483329773,
        0.44670742750167847
      ],
      "q01": [
        -0.3439952933490276,
        -0.012709869757294653,
        -0.14717967222929002,
        -0.26841881722807887,
        -0.13122204096913337,
        -0.9999858736991882,
        -1.0,
        -0.11143211831897497,
        -0.10652109962105752,
        0.0
      ],
      "q99": [
        0.21995266913175582,
        0.1527908670336008,
        0.13320329501628875,
        0.10427976424694058,
        0.9690076153159142,
        -0.21633185390276777,
        -0.9500765124440194,
        0.017227863771840934,
        0.29260171204805374,
        0.9998
      ]
    }
  }
}