{
  "norm_stats": {
    "state": {
      "mean": [
        -0.21886414289474487,
        -0.2453898787498474,
        0.9544559121131897,
        0.6546419262886047,
        -0.14187611639499664,
        0.13740931451320648,
        0.660668134689331,
        0.8279598951339722,
        0.16396203637123108,
        -0.1860019713640213,
        0.96341472864151,
        0.6122048497200012,
        -0.24003830552101135,
        0.25715172290802,
        0.6293618083000183,
        0.6875665783882141
      ],
      "std": [
        0.12335605174303055,
        0.10305335372686386,
        0.03535911440849304,
        0.07376845180988312,
        0.20525036752223969,
        0.20559506118297577,
        0.07818257808685303,
        0.3680204451084137,
        0.13786020874977112,
        0.11669963598251343,
        0.044780343770980835,
        0.07825478166341782,
        0.21311894059181213,
        0.21759739518165588,
        0.08044535666704178,
        0.44985392689704895
      ],
      "q01": [
        -0.29792550206184387,
        -0.31380489468574524,
        0.910871148109436,
        0.48614026308059693,
        -0.5043089963897557,
        -0.000012436509678082075,
        0.4957134570300579,
        0.0,
        -0.0030849800360854716,
        -0.3128008544445038,
        0.9108682870864868,
        0.5059687684893608,
        -0.5121901512739078,
        -0.000028708471290883608,
        0.4892433130025864,
        0.0
      ],
      "q99": [
        0.003919315668940548,
        -0.019267938839644227,
        1.080945532631874,
        0.7311058430671692,
        -0.0000875289290630521,
        0.517883564113964,
        0.7141002875506878,
        0.9998,
        0.3063729981946293,
        0.04752790745943786,
        1.083894167470932,
        0.7035204532027245,
        -0.00010527131547899415,
        0.49736495836543326,
        0.7398319007873535,
        0.9998
      ]
    },
    "actions": {
      "mean": [
        -0.21833764016628265,
        -0.24457749724388123,
        0.9544958472251892,
        0.6540110111236572,
        -0.14339986443519592,
        0.1389995813369751,
        0.6600345969200134,
        0.8247853517532349,
        0.16317860782146454,
        -0.1843472421169281,
        0.9634463787078857,
        0.6111523509025574,
        -0.24249547719955444,
        0.25987979769706726,
        0.6284725666046143,
        0.6819228529930115
      ],
      "std": [
        0.12342093139886856,
        0.10354043543338776,
        0.035355743020772934,
        0.07423099875450134,
        0.20598040521144867,
        0.20646512508392334,
        0.07857156544923782,
        0.3708251714706421,
        0.13750459253787994,
        0.11705432087182999,
        0.04476636275649071,
        0.07828162610530853,
        0.21287012100219727,
        0.21739068627357483,
        0.08045516908168793,
        0.452165812253952
      ],
      "q01": [
        -0.29792550206184387,
        -0.31380489468574524,
        0.910871148109436,
        0.48598609972000123,
        -0.5049384863616168,
        -0.000012436509678082075,
        0.49524601946473124,
        0.0,
        -0.0030849800360854716,
        -0.3128008544445038,
        0.9108682870864868,
        0.5011101668834687,
        -0.5124019754228047,
        -0.000028708471290883608,
        0.48908380403518675,
        0.0
      ],
      "q99": [
        0.003919315668940548,
        -0.017025449525564895,
        1.080945532631874,
        0.7311058430671692,
        -0.0000875289290630521,
        0.5182004492866891,
        0.7141002875506878,
        0.9998,
        0.3063729981946293,
        0.0476934966444969,
        1.083894167470932,
        0.7035204532027245,
        -0.00010527131547899415,
        0.5040004152677185,
        0.7398319007873535,
        0.9998
      ]
    }
  }
}